Seq,length,time Seqfold,time Seqfold 2.0
TAATGGTCCTGACGAAAGGAGTACATCCTTTTAGCGGCCCTCAAAGATTT,50,0.08643627166748047,0.14200997352600098
ATTTGCTCAAGCTCAGCGAAGGACCACAGATAGGCAATGCGTCAACCTAG,50,0.08119487762451172,0.07185101509094238
CAGTGCGACTGGTATAACTGCCATACGGTATGACGCACGGAGTGCTTACA,50,0.09189701080322266,0.08590531349182129
GGAGGTTGTTTTCGAGGTTAGCTCTAGATGAATACGAGATCTCACGTTAC,50,0.07372689247131348,0.06562995910644531
AACACCTGTAAATACTACCCGTCGTCTGCTGTAGGTCCCTGGAATGGCGT,50,0.0837855339050293,0.07384848594665527
CTATGCGTGAGCGCGAGAGGTAAGGTTCCAGAAGGCTAACCTTTTGGTTA,50,0.07449197769165039,0.06951689720153809
CCACATTAAAAGATTGACACCCGACTAGAGAACCATGAGAGTTACCTACC,50,0.060599565505981445,0.06534314155578613
CAGCCCATACAGTACGTACCTGGCCCTAACCATAAGACTTCGTTAGGAGG,50,0.08416032791137695,0.07427334785461426
GACAAATCATGCGTCTGCTGTCATTAGGTAGATCAACTGCATTCCCCGTG,50,0.08232831954956055,0.07623100280761719
TTCGAGTAAACACAGTCTCATTTGCGTACAGGACGATGCCCATCATGATT,50,0.08450675010681152,0.07671165466308594
GGCGGCACGAGATCTCCCATCGACGCCACAAACTAAGTGACTACAAACAACCAGTGGAACATGAGCTATCGTACTTTTCGCAAATGGGCACCCGAAGAGT,100,1.2595486640930176,0.8253424167633057
AGACATCGATCCTCCCTGCGAACGCCTCGAGCCGGAAGTGTACTCTTCATGTCCACAATACAACGATCTACTTCCGCTTATGCCGTCCGGGTCGAGAAAA,100,1.2303118705749512,0.8617186546325684
TCAGCGTGTTGTTCGCGTGCCAGCTAGGACAGTACACTTACGTAGCGGGACGTGAACGCATAATAACTCGTTCCTACTGAGCCAAGCGGTGATCAATAGG,100,1.2365944385528564,0.8665711879730225
CCCCCGATTTGAAAGTGTTCTACGGAAGGAAGTCCTGAAATTAGGTTAGATCTAAACCCTGTGGAACACTTTCATTGACGTCCGTCACGATCGTATTGTC,100,1.2813761234283447,0.9858987331390381
TACTACGCAGACCACTGGTGGGGTTTGAATATTTATCGGTTTTCAGCCTGCCTTGGCTCACAATGCCGGGAGCACCATAGAACTTATGGAACATCCTTTA,100,1.2360002994537354,0.8557977676391602
TACTCTGAGCATATGGTTTTTTCCCCTAGACCACGCGTAACTTATCAGTGACGACCGCGCGAAGTCGGGCGTTTAAAAGCCGTTTTCACAAACTGCCCCA,100,1.1829171180725098,0.8314745426177979
GAAAACCAACATCGCTTCACCTTGGGATCGGGTCGGTCTTAGTGGGCTAGAAAAAAGTCGTATGAACACAACAATGAGTATCGTAAAAACGTTGGGTATC,100,1.220329761505127,0.8565449714660645
CGGACCCACCGCTGTGGCTGATTGCCCTTGAGGTGGAGTGGGGGTGGGGGTTAGAGCACTCGAGCAATTCCTGAAGAAAGCTTGAGGCCCTGGACAAATA,100,1.1212191581726074,0.7988104820251465
TCTGTCAGTTAGGGCACTTATAGGTCTAACGAATTCAATCTTACTCTCGTGTTGAGCCTTGTGCCCTACGTGTAACTGGACCTTTCGGCAATCAGACAGC,100,1.2510476112365723,0.9253287315368652
AGAAGTCAGGACCGTATCCGTCGGTTTGAGGCTGCTATAATTTAGTGAGGCACTACATTTTTACACAGTATATCTGACCCATTATCGTCCCCTACAGTTG,100,1.2379992008209229,0.8422796726226807
GGTATTCTGTGTGTCATGACGCGGCTCAGTGACGTTCTGCCACGCGTCGGTAACCGGCCGAAGCGGCTCCCAACTAAGAGGCTCATGGAGGGAGATGGAAATGGTTCGCTTTGACACTCGAACAGCCTTGAGAGTGCCAGATTCTAGCAG,150,5.411510229110718,3.605106830596924
GAAGCTTATCACGTAGAGAGTTAGTTCGACTCCTCTTGTGTTAGCCTGTTTTTGGGGCCAGAAACCCCTTTTTTTTTGAATCTGCCAATATTACCTCCTGAGTACGATCGTACGATTCATTTCCCCTTAACCTGCGTGCTTGTACAAGTT,150,5.139038324356079,3.408656120300293
CAAGGGAGTGATACTAGTAGGTTCCGAGACCTTTCGAGAAGAAGGAACCTGTGTCGGAAAACGCCTAATATTTGGTTAGTTAGGGCCGGGAGGTGGGCCTGAAATATGCAGCCACGTCTACGTCCATAGAAGTGTACTCGAAGACGCTCA,150,5.292451620101929,3.4604299068450928
ATAGACTTAAAAAGAATAAGCGCGGCTCCCAACCCTAGGGACGTCTTACGAACCGAATCGGGAATTGCAAGCCATACGCCCATAGTAAGAAATGGGGAAAAACGACATTCGCTCTAACCATGCCCAAATACCACTAAGGCCATAATCGGA,150,4.970850229263306,3.2443737983703613
TGGTGAGTGACGCAAAAGCTTCACAACAGCGCCTAGCATGACTTAGTTGCCCCGGGGGGCAGATGCTAACTTTGAACGTAATAACCGCTCGGCACGTGTCTATCGGTACCGGGGGTTTCCGCAGGATCCATTTTTCACTGCCTGGACGTG,150,5.441944360733032,3.5489518642425537
ACCCCACTATTGTCTTCGGGCACAGCACGACGGGAAAGTGCTGAGCTTGACGTTCGACGCCTCATAGTTAAAGGTCTTACCCGCGTAAGTTGGGTGAGCACTCAACACCAACTCCTGCGACTTGCGAGGAGCTAGAGACCAACCCAGTCC,150,5.270044565200806,3.5219779014587402
AGCCGCTGAAGTAGATAGGAAACTATTGAATTCTATCGGCGCTCTTAGCGGCCCTGCAATCCGGTATGTTTGGACAAACCGCCATAGTATAATCTCACGACTACCCTTGTCCGCTCACGGCATGAGTAGCACGTAAACTTCTGACCATGC,150,5.230919599533081,3.508413791656494
GTATATCGGACATCGTTAAAGCATCCGGTGCCGAGATTGGATGAAAAAATCTATCAAAACACCCCGATACGTTGGCTGACAGTGGAGAAGGAGTAAAGTTAGCCTGAAAGCGAACCTCAGCGTGATCTGGACCTACGGATTGACGTGCAT,150,5.218996047973633,3.3661623001098633
CAGGGAAGGATTACTCTGTTATTGATCTGAGTATGAGTATGTTGAGCTAGCCGTCCCACTTTACCTCTTCTAATTACTCCCCGCTCATCGCGGGGAGAGGCTGCCCGTTCTGTATGAGCTTAAGGGCCTTAGGGACTATTAAAAATATCC,150,5.271652460098267,3.4555718898773193
CGTTAATCGCTGTATGAGCCTCCCGTGCGGCCCATTCTAACCACTTTCCCTGTCAGCCAGCGGATCCTCAAGTAACAAAAACATTAGACAAAGGCTCCCAAGACGTAGGCTCTCCCGCATCCCATTGAAGCGTAGAAGTGGTCATCGCAG,150,5.17995810508728,3.3818297386169434
TAAGCAGATTCGCAATAGTACGAAACACATATCGTCAGTACGTAGCGTCCCAAAGGCAAAGGAGAATTTTAGAGATCGTACGGTGAGCAGGGTGTGATTGTGATCTAATGTAAAAAACACGGTTATTCCGACACTGAGAGATTCAGGTATGTCCGCACAGTAGCGGGTCGGGGTCCGAAGCAACATAGACATGTGTGCGT,200,14.062871217727661,8.927257299423218
CTCGAAGAGAACACGCGAGGTACATCGGCCCAATGCTCGCAGTCACCCAGCCTGTGGCTAATTTCCTCTGGCAATCAGCTGCCATATAGAACAGCATTTTACTGCTGTACCGTACGGGGATGCATGTAGAGACGTCTCCGAAGAAAAGAACCAGTGATTTTAAGAGGGAGTTCAAAAGATTGAAATTTTAGGAAGCACGC,200,14.339348316192627,9.100805282592773
ATCGGACGTGATGGCGCTTTGTGTCCCAAATTGAGAAGTATATCGGTACCCAGGGGCGCGTCGTACCACCAGAGGTTTTTTTTAGTCCATGCCCGCCGAGCGGCAAGCATGGAAGACACGCATGGATGCCCTCGCCAGTTCACAACGTTGCTAAAATTTCCATCCCCCTCGTCCACACCGCCGCCCTTCCCCGATTTGAC,200,15.007431507110596,9.448847770690918
CCTGCTCTAGCTAACACGAGTACTGGGCGTCTTCTCACCCTTACTGAGAGGTGCTCAAACGCGTGAATCTTTCGCTACTTCTGCCCCGTACCCCATCTCGAATGTGTTCGCATTTCTGCGTAAACGACTGCGCCAGCCAGGGCACAATATATGATCAGTCTGAGGCGGGCGTGAGTGTATGTACGGCCCAATGCTATAGG,200,14.5962655544281,9.19270396232605
GCTCTACGGAGGGAGGGAAGTGCGTTGCGGAATATGTTGGTTGTCTTCCGGCTGGCTTTACTCCTTTATTCATCTCCACGAAAGGCTACCTCCTCTGCGGAGTGTTTCAATCTGGCACCGTCTCCATTCCCCTCCTTGGAACTGAGTAAATTGCATGCGGTCGTTATATAAATGGAGTCGTTAGAGTCAATTCAACCCTG,200,14.375618696212769,8.905815362930298
AGAAAACGGCCCCTATGCATTCTCTGTCCGTTGTCTCCGTTCGCACGCGACTAGCCCCCTTTCTGAATTGCACGGTGCACAATGGGAATATGTTCTTGTAGGACGGCGGCCGCTCGAGTCGCGATCCATATGCCCCAACACCGGTTATGAGTCGGTACCTTTCATAGAAACACGCCCTGGTGGTGGGAGCTAGAAATAGG,200,15.293413162231445,9.376973390579224
TGTTCACATAATCTTTTGACTCTATTTTACCCCGCACACGGCGACCTAGTAATCGTGGAAATGGAGCCGCAAGACCGGATAATTTATACTGTTGCACAATGTGTAAAGGTTCCCTCGTCAGAATGATTGACTATGTTACGGTGCGTGGAATGACTGACATAATGTACAACCAATGTTTAATCCGCCGCGGAACCGATCAA,200,15.619241714477539,9.684803485870361
CCTCAGGATAATCTACAGATAAATTTCCCTGTTCTCGGGCGCAGGGTCGGATCATGAATGATCTGGGGACTCATCGTAACATCGATGGCTTCTCTTCGGTTCTTCAGCCAGCAGCAAGCTTGACTGTGTTACGGGGTCAACCCCTTTCCTTACGAAGCCCTTGCGCTCTGATCGGCGACCTTGGAGAGTCACGTTGGGTC,200,14.936140298843384,9.374132871627808
CGCGACCGCTCGTTTGTGACTGCAGTAACTACTGGTCACACGAATGCGAGTTGGTATTTAACTATGCCCGTGCGGTGACGTAAGGGAATACAATGTCGTTCACCATCTAAGTTAATCCGATATGCGTGTGGCCATATCCAGGGGTCGAGAGTCGCCCCCCTATGGCACGGAATGATGGCCAACTTTTAGCGAAGAGAGCG,200,14.898138523101807,9.508689403533936
TAGGCGCCACTCATATTGGTTGTCACTTAAACACCAAACATGCCATGAGCGGGAGCAACATTGCCAGCGGTCCTGTCATCGCAAGTATGAGGGAGAGAATGAGTTTTAGAGGCACCTTCGAGCTCCATCAGCCAGTCCATATAAAGCGGAGCTAGCCTCGAGCGTGAGCGCCTATCATGAGGCTCTCCCCTCTTGCCCTC,200,14.689947843551636,9.311121940612793
ACTTATGTCAGGCAAGTCCAGTTGCCCCGCGCTCCTGAGATACAGACTAAGAATCTACCATTCTTCGGGGTTAAGCTTCTATTTGACCGTAAGTTTACACAAGTCAACTCTCCGACTGGACCTAGCAAAGCTAAACGAATGGACAGGCGTCACTCGTAACAGGGTGCGCCGGCATTAAACATCTGTCATCGGGGTAAGGTACGCAGCTCTACTTCTTGACCAGCCCATATGTGGTCAACCTAGTCTATAT,250,31.991190195083618,19.76056957244873
CCATATCGAGTTGTAGCGTCGTATCTCAGAGAATGCCCCCGCACATACTGAGCTGACGTACTTCCGCTCCGAAGTAACCCAATACTTCGTAAATGAGCGACTACCGTCACATTTTCGCACTGGACTCGGCGCCATAACGGCTAATTGGACAGAACCACATTACGCTGCTTGGTATAAGTAGAATCGGCGCCATTATGCCCCGGTTGACTCACCAACTTTTATTTCGGTCAGCCCCGGCCACCATGGTGGC,250,31.192575931549072,19.721649885177612
ATTAAACGAAACACCGAATGGGTGCGAAACAGGTCGAGTTGATATCCCCTGGGCTCTAGGAACAAATGATAACAAGCCTCGAATTGCGTTTCCAATTCTATATCATTGCTGTCTCGATGCAATCAAGCAAAGTAGAAACCATATAAGGGACAAACATAAAACTATCTGCGGAAAGTAGAAGTTTATTGCAAAATTTCGATTAGATACTCGGAATTCGTCGCCGATATCCTCAGGAATCCGTCCTTTTGTA,250,33.324219942092896,20.80440592765808
TGAAGGTCGCGCTTGTATCGCGTTTTCTCCGACTGTCCGACGTACATCTACACTCACAACGTCCCCGCCATACTCACTGAGTTATATCAAACTCGATGGTTTGCAGGTCAGAACGACCATTGGGGTGTGAGACACCTAAGCTTTGAGGCTGAGAATAGTGTTCTCTGTCGAGGACGTCTGCAGTCGATCACGACACGAGAGAGCAACGACTTTCTCACGGGACGTTGACGTACTCCACGTCTTCGGATAT,250,33.97785687446594,21.720905303955078
TACACGTCGAGCTGCACGACAGGTTAGGGTTGATATAGTATCTGTCGCAAAACGCCTGGCCAGTAGGGGTGTCGGAACGCGTTTGAGCGACGGAACCCTAGCTCATCTTTGAAACGGTGGAGATTCAGATATAACGGAGCAACATTGAGGGCGAACTACGCTGATTCTATGTCCTTGATTAAGAGTGGAGTCGCGCCGGGCGCTAAACCCGCCGCTTGAATCTCCGGTTAGCTCAAGTCTGACCCACAGA,250,32.98099422454834,20.333949089050293
TTGTCGGCGAGTAGGCGGCCTCAGTGCCGTGGCATCGAAGGCCACCCAGCATCTTCTCGCACTCAATCTCTCCAGAGGAGTGTCGGACGCTGTTTACTTCACATGGCCCTGCGAATTCTTCTCCGCGTCGCCTGCAAGCTGTAAACAACCCGACTGCTTCAAGCATAGGAGCTGCCGCCAGGTTCCGTACGTCTATTACAGATAAGGCGTTCTCCTGAACGGGGTTATACTTCACTGGCCATCGCAGGAT,250,33.67921733856201,21.206738233566284
ACGGTCCTTCGAGTAACAGTTCCATGCGCGTGTGGACCGCACGTTTTTATACAGATCCGCCTTTTGTAACGCAACATGTAATCAGTAGTTTGTACTTCTCAGCGTTTAGTAGAGACAATACATCCTATCGGAGACAAGTACAATAACTTGACATAGATATCACGTCTATTAAGCCTTCCAATGCATAAGCTTCGATTCGACAACTTGGCTTCGTTGCTATCGGTTAGGGTCAGCACTACTGAAACAGATC,250,32.469799280166626,20.52867102622986
ATTTGATAAGAGGATGAGCCTAGTAGGACTTCCTAGAACTCGAGCATATACGATTTTCCAGCTACCTCAACTCTGGACTGGTGGCGGTTTTCGGAGTGTAGTACACATCAAGTGCGGAAGAAATCATCATGTAAGATAATTTGACCTTGACAACTCATTCCGCGACATTAACAAGGAAGTTTTCGAACCAATTAGACCAGCATAGATTCGATGCACTCTAGCTCACAATCAGCAAAATCGTGGTAGGCGT,250,32.367244243621826,20.309110164642334
CCAGGCGCTGTCATGATAGCATAGACGATTCGCGTTATGCCCAACAGGGGTATTTCCCAACAAGTAACGGCGCATTGCCCCTGTCACAAGATAAATGTAGCTCTTCTACTACGGGTCGCTCAGATGAAACGTCGTATTGCAAAAGGGAGTATCCTCGTTGGGATACAGATGGAAAATTCCACGAGCTTTGCGTAACTGGGCCGCCCCATGGGGTCCGGAGGCGCCCAGATGGCGTCGTATATTTAGAATG,250,34.13110876083374,26.564941883087158
ACAACACTGCGCAACGCAGTTAACGGGATTCAGGGTGGCCGATAGTACGGAAGCAGACAGGGAGAAGGAAGGCTGCGATGAATAATAATATGATGGTCACTACTAGGGTCAGCATAACCGACAGACTATCGCTCAACGCAAAGAGCAGTAAGCTCGGCGTGGTACAAGGCTTGATTCTAGTACCTTTCCACATACGATCCGAGTCGGGGTTATCAGAGTCATGAGCCTACAAGTCATTTCGATAGCAGAC,250,30.935270309448242,20.789318799972534
ACTCTGTATAGAGCCTTTAACGTGTGGTCCCTCAGTCCGACCCACTGGTCAGTTCAATTTCAAGGAGGGGGGCGCCTTTGGAGCAACACTGTCTCCGTTGGTTCTATGGGCGGACGAGTCTACCCGAATCGTATGACGATAACCAGCATCTCCCCGCCCTCGGGCAGCGAGAACGGGACCACTCTGCTTCACACCCGTCGATACCTGAACATGGGAGGTGCACACGGAGCGAGTATATCCACCCAAAGGCATCTGTCTCTACGTGCCCTCAACTCGTAAGACAAAGCCTTGGACCCCATG,300,66.47845530509949,45.22402572631836
AATGCAAGCCTGCGGAATCTAAATTCTACATCACGGCCACCCCTTTGGCAGAACACGCCTCTGCGCATCGATGGCGCTAGCTCGCAACGCCACCGCGTAGAGTGTACATCATCGCTCCCAATCATATCTTCTCTAATCTCTACAGAACACTCCCAACTACAACGGTCCCTCGTACGCTCCATCGAATCCCAGACGTTTTGCCTACCACCGGGCCCTGTGCCGCTATTCGATGAGTGACGTGATTTTCACTCTACCATGTTCCACCCTCCGGTTCATAGCTATGATGTAGCAGCTGATAAC,300,64.35594129562378,40.24600958824158
TTGCGTCTTTGAGGTAATTTTTAGAGCTGTAGACGTTAAACGCCTTCGTATTGAACAAACACGTTATCAGGGGGCAAGTCGGTATAAATCCAATACTATGAGACCCTCTAACAGATATGCCTAATTGGGGGCACGCTAATATTCAACCGCTCATAATACACATGCAGAAGCAAACTATCGCCCGCCAGTACCCTACACGATCGCGGAGCCAACAGGTAAAAATGAGTGGTGCACGATGCCGGAAGCTCCGACTAGCAAATACAAGTCAATACCACTATAAAGAGGAGCAACAATACCTCA,300,65.10985231399536,38.43426012992859
AGCAGAATGTTCGCCCTTTAGGTGGACAATCTCACCCAAATACACAGAGGCCGCAGTCCTTTACGTATGCGCAGAAACCCGTGTTCCAGGCAGCTCTGAGTGAGGACGAACAAGGGGTTCGGCAAGAGTCTATGTCGATTCGTGGTCCAAACTAATCACACCATTTACCTTCGTTCATAAATTGTGGGGGGTAAGACGACAACTGACTAGCTCTGGGGTACGGAGTCCAAGAACCCTCTATAATCATACTATCTCACTCACTGGTATTACAACAACTTACTCGGATGCATATAACAAATC,300,64.78602051734924,39.46284532546997
GACCTTTCGACTCAATGCTGTTTGATGCCTATGAGTTACACGCTTGATCCCATTGAATCCATGTGCGGTCGAGACGTCCGCGTATAAGGGAAGGTTTACGTTGGCATCTCTACTGGTCAAGTCCTGCGAGCCGGCTTTCTTAGCGGTCGTTTAGGGATAAAATCGAACCGTTCTTGACGGATCTCACGCGGTTTGCCGTGTACGACACCGATCCACGGTTCTAAGAATGACGTGATATGTGATATGTGCCTCTAAAAGGATATGCCGTATGCCGAGTGAACGACTCGTTGATGTCCTTAC,300,63.400715827941895,39.80348324775696
GTCATCACACGAGATTCGTAAAAGGGCCGGGAAAGAGCTGGGTGCTTGCCTAATCCGAGTCCGTATCCGCCGTCGCAAGTCTGCCGCCAAGAAGTGGAGGCTGGACAATTTCTTTAACAAGTGGCGCCAATTCGCTTATTCAATTAAAGTACTTCCTACTAAACGTAGCGTCCCACTTGCGCCCCTCATGTACAAGACGTGGCTCTCCGGGACTATTCGTCCTTCCTTAATGTCGTGGCCAAGAACTTGCCATAACCGTCAGGACTGGGGGACGTTACGTCTTTGAAGGTGTTGAGCTGG,300,65.122323513031,40.01596260070801
GCTTATTACTCTTAACGTCGCCTTTATGTTACTATGACCTCTTCATTAGTTCTCGGACGATACTGCTGTCCAGTTCGTGAGCTCAGATTGGACGTCAATACTATCCAGTCTAGTCGGAAGAGTCCGCGTCCCCGTTTACCGGCAACCGATTTTTCACAGCCAACGCTACCCTATGGGTGACGAACTTGGAGATATGGATAGGGAGTCCTTGATGAGTTGTTGCGTAACATACTGTTCCAGACCCTGCGCCTTTTCCCAACAACTGGCTTCATTGCAATTGACGAAAAGTAATCGTCAAGA,300,63.90376305580139,39.31141948699951
CCAACCCGGTTGGCTCGACTGCGATTCGTTTCGAAGCGACAACCGTGCTTAGTCATTTGCGTCAAGCCATTCGCAACTAATTACGGCATCCGTATCCCTCGACCATACACATTTGGTAGATAATTCATCACAAGTTCAGTGTGCAGTGCAGACGGACGGAAAGTCGGTACGTTGGCTTTACGTATATCTTTCTACCAATGAGCTACTGGACGCTCGTAACCGGTCCGGATTCTGTCTGTTTAAATCGCTTTATAAGTGCCTTTTATTGCGGAACAGCCATGGTATTAGCAGGCATTCGAC,300,65.27550292015076,42.69725751876831
TCCGGATTTGTGTCATTGGCTCACACACACGAGCGTATTAGTATGATACAGCTTGAGTTAGTACACCATGAGAAAAACACCTACTAACGCTTACAGTACAAATGACCGATTCAGGTTTCTTGGCCGAAACGACAGCGAGGGATGACCCCGCCGTGTGTGCACCCGTCTCTTGCAATGAAAGGGAAAGAGTCGAAACAACGTACGCCAGCCGCATGTGGGGAAACTTCCGATGAAAAAAACGGTAAAGAAACACGTAACCTCGAATATCATCGCTAATGTGGTGACTGCGATATTTCATAC,300,67.43192672729492,39.128228187561035
TTCTGAATTGTATCGATAGCACGGCACTCCCGAGCTGCTACGCAGGGTGTACTTACATCTGTCATCTGCGACGCAACCCGTCTCTCTAACCGTAAGCATACTTCGTGTATGGTGGTCGTATATAATCTCGGCCTAGCCCCCGACCGAATGGAACATCTCCCTGAATTACGCAGATCGTTACCCGTAGCACTGGCCTCATCCAGCCCCCAGAAGACAAGTTAAGTGTAGTAACAAAGTTAGCCTATCCTTGTCGTACCAACTTGGTTAATTTTGAAAGTGGCCTGATCGGATAATGTTGGA,300,63.72854423522949,37.86729025840759
TAAATTTGCATTGCACTATACCTTAGACCAGAGCTTACCTTGACGCGCCTTAACCTCCTAGAGGCTTTAGGGAACCAAAAAAAACAAAGTCCCGTGCCTTTCGCTGGGAGAATGTGGAGACACAGTCAACGCGCCATTGAGAGATGCAGGCCTCAGTGACCATGTCGCCGGACGCTAGTAGGACCCGAAAGGGCGGGTGTTAATCAGTTGCTCGCAGCGCAGTGAAACAATGTGACTGTTCGGTCGTAAGTTATCCATTCCATGACAGCGCGGTCCACGTTAGAATACTCAGTTCCGTGACGCACGCTATCGGTAAGTTCTAATCCAATAACATCGAGGCTGAAATGTAC,350,114.48565006256104,69.03750324249268
GAGTAAAATTCTAACGCCTTGTCGCACAGTTTTGGGTAACTAGCTGCTCCTCGAGGCCGGGTATGACAGAAACTCACCGCATTGTCAGTAGGCTGATCTTCCAAGACCACGGATGCCAGACCGCATGATGAAGGCATGGTCGGCCGCCCAATTGTAAGGGGCGGATTTGGCAATTTATGGGGGCACATTAACGGCGAACTAAGAGATCAACGCGTTTGGTACACACACAATTTCAGGGAAAGGCACTTTTACAAAGCTATACCATAGAGTATTACGCGCGGAAGCAGTCCCTCAATTAAGATCTGGATGAACTACCTTAGGGGACGACCACCCAACTATGAGTAGGATTA,350,107.58969926834106,64.18255114555359
CCTTTGACCGCGGGTTCTAACTGGCGGAACTTCTTCTCAGTAAACACTCTTGGTAGCCCGTACCCACTAGCGGGTCACCTGATTTTCCTACCTAGCCTTGAGGTGGGTCCACATGAAGCTAGCTACCCATAACGTTCCAGACACCGTCTCAAACCCACCGCCTGCACATCTGGTGTCACACACCGATGATGTGGCGGACAAGTCCTCGTTACTCTCGTTACCTGTGGAGCGAGAGCCCGGGCGTCCCCTAGCTAAACTCAAGCTTGTAAGGATTCTGACAAGAGCTTGTATCTAAAGTAAGGGCGGCCACAATGTGCCTAGGAGTTGCAGCTGGGTGTGACGCAGACGCT,350,113.2988953590393,67.79620432853699
CTAGTTTCTTCGACAGCGTCTTTTACCTAAAGTGTTCAAATGCGCATAAGCCGAACGATTAGTAATCAACACCATAGGCTTCTCCTGAAAAGCCGTCGAGCTTTACAACGCAGCGCTAACATTACACTGGATTTCAATTCTACGTACATCGACTAGGCATAAGTAGACGGCGCCAGATGCTACAAAGCAATAGCCGATGTAAGAAGGGTCGCGCCATGAGACAAAACTTCCTCCGACGACCGTAAAAAGATATTGACCGTACATAGAGAGACTTTTCATTGCACCGATCAGTCGGTGAACGTTAGGAAGCCACGCTTCAGGAACAGTTCTTACTAGATGCCCTGGATGCT,350,108.94838690757751,67.84606599807739
ACGGAGCCTTCGTCGGGCAAAAGGTCAAATCCCACTCCGTCTACTAAAACTTGTGTAGTGCTCTGAGAAGAGGTAACGCTCTCTTTAGACTTAGTTGGTATTCGCGACCACGCCTCCGAGCGAATTTCTGGGGGACTTAACGATATCCTTAATCCTATTCCAAGCACGCGGGGCGAGAAAAGGTTGTCCTGACGTACTCATTACAAGCGCCTGCCCTTGTACATATGCAGATCCTGAGTGTTTCTGGATAACACATCGGAAGTGCCAACGAGTTGGTGATCAACGAGTGGCCCAGCAGTGTACTAGGCGTCTTAGTGATCGATCGCTCACTCTTTATAGTATTAAACCGG,350,112.63815951347351,69.24137926101685
CTGTCCCCCGGCGAATCCGCTATACCGAGGAATGTATCTAGACCCTGTACAGACGTAAGCTGCTGTAGCGCAAAGTATCACCTCCGAGTATTGGACTTGGACCCACGACGGAAACTTAAGCTGCTTCCCATGATAACGAATGCCTGAGAATCCGCGGAGGATATAGACGCACTACTAGATCAATACACGATCAATTGATCGGGGCGCTTTGGATAACACGGGAATGACCCCCAAGTTATTTCCATTCCTGTAGTTCAATGAGCAGACCAAACTGCGCGCCAGAAAACACTCCAGAGGTCGAGGGCGAGCCTGTTGCATAGACGAGTGTGTAAATAGCGGCGTACCAGTCG,350,112.68834352493286,65.52536225318909
AGATACTACGAGGTTTTAACTAGATCTATACGGGAGTGTTCCTAAAAACACGCTAGTTGCCGAAACACCCCGCCAATTGACGCTAAGCTACAAGACGAATTATTGATTCCCTTATTGCTCGTGGTCTTCACTTGTCTACCGTAACGTTCTTGTCTGCGGGGATTTAGCATAAGATACCTAAAATTCCGGAAAGGTACGTGCATTAACGGGCGCAATGGTCGAATTGATCCGTTCGACTCTAGTGGTGCTGGCTGCAGGCGCTCAGGAGAACATCCTGCACCTCCCTAAAGCGAACCTTAATGGAATGACAATCCGTTAGTCGCGTCGAGTAACCTCGCCTGCTCTCTGCC,350,109.40257120132446,66.03003811836243
TCCCGCCACGAGAGGCTCAATTGTCAAGACTCTCATCCCAAAGCTGAGACAGATGGAGGCGGTACGGTCATCCGTCGCCTATCATCTGAAGTGACGATTGCTTGTCGGTTAAGTTAATCTGACTAACCTTTAGTATGGACAGCCGGACACAGTTCTTAATTTAATACGAAAGGAGCGTCGGCAAAGAGTGATTGGTCCACTCGTGCAGACGCGCACGTGACCCGATCAGAGTTAGTCTACTCTATTGAGAGCGAAAACCAGCTTAGCCAATAGTTCGTAACAGGCATTCTTATATTGTTGGGTAAGGGTATGAAAACGCGTGTAGGGTTGTCACGCGGACTGAACCTTTA,350,108.64816451072693,67.64819288253784
TCCTTGGTATCAGCGACCTTATAAACAAGCATCAGGAAACAGGATTCTAACGGCGACAGAAGGCCATCCGATGTATGCTATCAAAGACCACCGGGCATCACACTCGAGAGGCGGGCAACGATTAACAGATTGGTCTCCCTTTGGTCGTGAGTTCGACGCATGGCGGCTTCAACCGACGGTGTCTGTTGGACTGGGTTATAATCTAGACTCACCGACCGCTCCACAGAATATAGCCACTGCCCAAGGCGTCGCTTATGTTGCTAATCCCAGGAAGTGTGGTTCTCTCGAGTTTCGATTTTTGAGTTTGGGTCGGATACCACCTCACTCACACTTGTCCGGGGTACTATACA,350,108.78025817871094,64.12251210212708
ACTATCGCCAGGGCTATACGTATCAATGGAGCCTGAGCTTAGATCGCCCCCTACCCCTTCTGCTCTTGGGCCGTACTACGTTCTCGGTTCCTATGAGCTACTGCACTATGCGGAGAACGGTGCTTAATTCGGCGTGTCTGAGAAAAAGCCTTCTGGGAAACGAGGACTTCAAGTTGGGCCAAATTGAAGGAGCTTCGCTCTATGCATCCTTGACGTAACGGACGTTCCGCTCGTGGACAATCGTCCACGAATGACAAGACCGTTTCACCGCCAGAAGCTAGAAGAGTCGGCAAGCTATCTGAGCCCATACGCAGAGCTAATCGCGTGATCCCCTAAGATTTTGTGATAAA,350,107.9654393196106,66.33888626098633
AGTTAGCTACATGCTTCAACCCCCGCGTCGAGGGTCCAGCACGAAGGCAGCTTTTGGCTTGAACATCCGATCCCCAAGAACTGAGGAATAATTACACGAAGTTGCGCCGACTGGTGCTTGTATCCATCAGTTGGCCGGAAGTTATCCCGTGCAATTGACTAATACTAGGTCCATTGGTCGGTTCATTCCCACTTAACTGCAAGCCATCACTGAGCCTCCCATGAACCAGTTCGGGTGTGTACGCAGAGGCGGTTTGCATTCCTCACGGTATCTAGCAAGCGCGGCTAGCGCTCACTTAAGCAGACCAGTGATACCTACGGTTATGCTGCAAAGACCTGATACGGCTCCGCCTGGTCACTTGATCGGGCTTCCAAGTGGCGCGATTAAGGAGCCGTATGAT,400,176.8923773765564,107.09209179878235
CGTAACTCGGATCACTCTACGACTTCTACCCGTCCGCGCCCGTCGAGACACTGGGCAGCAATCTGCCTTCCGCACATGACTTGGTTTTCGTAATGCATCTCGCGTGACTCTAGGTTTTGCGTATGCCCCGGGCCGGTTGGGAGTGGGCGACAACTCTGAGGCATAACTTATAGCACCTTTCGCTCTACGGACACGGACGAATAGGAGTTTGACCGATGTCCAAGCTGTACCGAACGCGACTGAACTCAGGGATCCCCGAACCTAAAATACGAGGTGCACCAGTTCCAGGTCAAACAGCGACCCGTCCGGTTGTACCCGGCATCCGACACTTGCTCCAGCAATCGGGGCTTAGCCTAGTGGTGATGTGGACGACAGAAGACTTACCATATCATCGTGATGC,400,182.55397987365723,107.68746399879456
CCCAATCGATACTCCGAGATATCACGAGCGCTGCCGATGGGTGTAATAGTAAGTGGCGCGGCGAGCTAGAAACCCTTTCACTACTTGTAAGAGTCTCGCAAATATAGATAAGTCAGGAATTGTCATATGAGTCCGATCGTCGTCACGTAACCCCTTAATTATCAAAATGCTATTGTGCGGCTTATTCCGGGAATGCCGTCCGGCCCGGCCGGGCTCCGCGCTCCCCCCCAAAACTCTAATTTTCAACATGCAAGTTTCCAGCGTTGTCTTATACTAAGGTGTTCACCATACGAGCCTAGAGTCAGATATTAGGCCACGAGTTACGGGTCGAAATCCGCTGGGCCAGCCCCTGCGGTTTTGCTAGTTAAGCAGCTAAACGGACTCCGGTGCGTATTTGCAA,400,180.51644086837769,107.44337558746338
AAATGATACGAGCCTAGAACTACTCTACATTTATTCAAGCATACATGACCGTAAGTTCCTTCCAAGTCCGTCTTATGGTTTCGAACCCCCCGAATGCAGGTATTTGCCCGTATAATTATAGACCGGGACAACATTATAGTGCAGACTGCGTTCATGCTTGCATAGCTGATATACCAAGTCCCGTGTAAAGCATCATACTCGCGCCTTTGAACCTTTGGCTTTTAGCCTCAGACTCCCGCATCGTAGCTGCCCTAATAACACAAGACCCAGATCGTTTAGGTATGAGACCACATGGATTGACGACCAGCCCTGGTTCCCTCAACCTCATTTCCAGCCATGTCTATGGGGGTAAGCATATGATGATCGAGATTCCGCACATGATGCACCGCGGGGTCTCACA,400,183.51731085777283,122.17637777328491
GCCTGAGATCTTTATGGTTTTATGGGAAAGTTATCATCTGACTGGAGGTTAATCAAGGTACGACTCTTTCTCTAGATTCAATCCACCAAGAGCGATGTTTGGGTGATGGTAGGTTTCCTACCGTCTCCTGGAAGCTCTTTGGGCCATTCCGCCGGAAGTCGAAAACTCAGCCCTTCTACCCAGCCGCACTAATTGGGGGCTGCTTGTGTGGACGAAACACGAACATGTGAGGACTGCCCGTGGTTACCACACTAAGTGGTCGGGTGCCACCTAACTACGGTAGCGAGACTCATCTATATTGACCACCGGCACGACATCTTAGAAAAGGACGGACCTCGGTGTCGAGCAGACTCGCTAGTAAGGACCTAGCCCAGTTAAGGACCGCGAGCATTTATTCCGT,400,190.15215754508972,119.3430404663086
TGGCTTTAACCGACTCAACGAGTTTACGCGAACACGCGCGTGACTGACTGGTCCAGCCACACCTAGCCCCTGTTGTCCAACAGTTCCCGGGCGACAGGTTTAGATTCCGCCGTCGGAGCCTTCCTTTTTTGAAAATCATGCATTGCACGCAGTCCTCATAGGTCCAAAGAGTGTTATTGGTTCAAACCCCGCACCTAGGGGCAGTCGCTAGATTACTATTTTCCTGAGGCCGTATGACATCGAAATACCGGCCGATAAGCTCAGCATTAAGTGAGGAGAGCAACCGACAGTCCAGGACGCGGCATGGAGTTATTATTGCGGATTTCATGTCCGGGAAAATAAGCTATGTCAGGTAAGGTAGTGTCAACAAAGGGAAACTCGTGCGAGGTCACACGCCAGG,400,186.86738300323486,113.12183618545532
GGATCGTGGCCGAGTTTGTGTTGCGCTTGTTCCAAAGGAACAATGCGCTTTCTGAACCAAACGAGAGCGCGCTAAGAAGCGCGATAGTGCGGACGAAGAACTGTCTGATGGGACCAAGCTGGCACTTTCTGTGAGTGTGCTGATTCGACTACGGTCGGTGATACAGTGATCACGCCCGCAGCTTCGGATCGATTACAAGACCGATCTCGGGAGTTTTCTTAAGTCGTCTCAACCATATCTTCAACTCTGCTATTTTCGCTGTAGACTTCATACAAGGTACAATCCGATGCCTTAGGGCAGCATCTCGAGTCCAACATGCGAGCCATGTCACCGGGGAATCTAGTGGAAAGGTCACACGCACTGCTCACTTGAGGCTCGTCGATTGGGCTTCAACCCACTT,400,193.24286341667175,116.6418125629425
ACAAGTACTAATTTCCTTTGTAGAGCCGAGTTCACACCCCGGTTTATTAGGTCTCGCGGAGTGCAGCACGGTAAACTATCACCCATTAGTTACAGCGCTATGATTACCTGGGAGTAGCCTCACAGCATAGAAGTCACAATGGAGCAGGTGCCCGGGACATGCTCCGGATCGAACAGGCTGAGACCCGTGAGTTGAAACAACAGAGGCGTAGTAGGGCTAAACTGCCGCGGTGTTCGGTGTTACGCGTACGTGAGTGAGTCTGTTTTATTTGCAGATTCTTTGCCTCTCCCCGGGACTTCACCGGTACTGTTAGCAGGGCTTATCTTAGTTACACAGACTGTGAACAACAACTTGATGAGCCCATCATATATTGCGTTGGGGCACCTATGACTAGTTTCAA,400,183.0259552001953,108.31240749359131
ACTAGGCGCATCCGTGTCCAACAGGAGGGGTATACCAGACGAACCGGGATATAGGTGTCTTCCCTGCATTCACTCGGTAGTGAGAGTGATATAATGTTCGTCCAGATGCCAATTTTCACGATGTGTCTGAGCCCAGTTGACCTGGGCCGGACCTGAACTAGTGCCGCCAAATGAGGCATGTACCTTGTGGCGCAGGAGTCCCGAATGGGGCTACAACGAGGTGGTTTCCGGTATGCCTGTTTCGCGGATGCAGGGAGACGCAGTTCGGGTGCCGTGGGACTGTTCTTTCACCGTCTCTACTCAAGATGCCTTACGGTACTGCGCAGTGCATTGGCGTACAAGAAGGTATTATACTGCGCCGAATGGACGCGTTTGATGGAGTTGACCATGTAGCACCGAC,400,179.66239070892334,107.78340744972229
CATTGAGAAGATGGAGCGGATTCGCATTATGTGGCCTTAACGCAGGGGTCTCTTAAGGCGTGCAACAGTTCCCGCGTAGCGTTGGAGTCTCCACCTGTCATGACAGTGAAGTATCCTTGTCTTGGGTACGCGCCTGCGAGGGTCAGAGCGGCGCTGAGCTCCTTTGGGTACATACACGCTGTCTCTCAACCTGATAACCAAGCAGAACATGGGGTGCCATTTCAATGTTCCGCCGTCAATAGCGACCATAAAACCTTTTTACTCCCGAAGCCTAAAATAGCGCCCCTCAGGAGACGAGACTGTAGCCCTGTGGTCCACACTTCTCCTGAGGCACTATGGAGCATTCTAGGCGCACTAATATATTGAGAATACGGATGAGGTTTGATCTTCCAGACGATTC,400,189.0692000389099,120.52938795089722
