Seq,length,time m=2,time m=3,time m=4
CGAAGCGCCGTGCCTAGGAATGGGG,25,0.004002571105957031,0.004324197769165039,0.0037539005279541016
GCTTGCCCGACGTCGAAATATGATC,25,0.003903627395629883,0.004044294357299805,0.003996610641479492
TTTGAACAGTATGAGAACGACTCGA,25,0.0030014514923095703,0.004229068756103516,0.004002809524536133
ATGCAAATGTCGACGTCTATGGTCG,25,0.003213644027709961,0.0030057430267333984,0.006320953369140625
GCTGCTACGTATGGGGGGACGATGA,25,0.005999565124511719,0.006002664566040039,0.0059299468994140625
TCTAAGGAAAGATGCACTAATAGCT,25,0.006512165069580078,0.004126548767089844,0.004668712615966797
CGAGCGTGTAGACACGTTGAAGGAG,25,0.0035483837127685547,0.0046083927154541016,0.0027251243591308594
GGATTGCCGGTCCTTTACAATTTCA,25,0.00800943374633789,0.004997730255126953,0.004002571105957031
ATGCTTCTCCAAGCTATGGAGTGAG,25,0.004994869232177734,0.0040035247802734375,0.005556821823120117
TGGTACCGCGGAAATTAAGACGCTA,25,0.0030105113983154297,0.004049777984619141,0.0032732486724853516
CGCGTTCTTCAAGAGCAGTCCGGGCCATAGGTCGATCTGCGGTCCTGCTG,50,0.023223161697387695,0.023425579071044922,0.023872852325439453
CAGTATAGAATTTCCTGAGGGTTTAAAGAAGCATATTTCTACACCTTCAC,50,0.02644658088684082,0.027574539184570312,0.025998353958129883
AGCCCATGTTCAATTTTTATGCATACGTTCTACACGAAGAGAGCTCGACG,50,0.02143716812133789,0.021114110946655273,0.02029728889465332
CACTTCCCGTCTGCACTTGATCATTTAGCTAAACTACGAAACCTAACCGG,50,0.02096843719482422,0.021184921264648438,0.02065730094909668
ACTTTCCGGCGGTGTACTGTAAACCGTTTAGTCTATCATCGCACAATGAT,50,0.021741390228271484,0.026245594024658203,0.024424314498901367
GAGACTGGCAGCTCTGAGGAATACTCAAACCTGTTCAAAAAATTAATACT,50,0.020583391189575195,0.02123570442199707,0.022067546844482422
ATGTCTCGGTGAGCCAAAACGACCTACATTGTCCGATGTAGGGACGGCGG,50,0.023538589477539062,0.024637699127197266,0.026127338409423828
GGATCTTACAGTTAACCCAGACTTCATTGAGCTTTTTTGTTCAACGTTAA,50,0.022125959396362305,0.022456645965576172,0.024811506271362305
GCCTTATCGCGTGTTGTGACCCCCACTTAAACACGGCCATCTCGCCTACG,50,0.022112369537353516,0.02339792251586914,0.023079633712768555
GGGTGACACGGCTCTGATAATATTTGGTCTGCTGACGTCTCTCGTACACA,50,0.021980762481689453,0.024268627166748047,0.022661209106445312
CTTTTTGGAGGGACGGCCATATACACTTCGGAACGGTCCATGAAGAGTCACTACTAATGGGCATCGATCCAATGT,75,0.0775139331817627,0.08513665199279785,0.0952904224395752
CAGCACTGTAAGAGGCGAATGACAGTTTCTGTTATGATGAATAATAAGGAAGTTGAAGAGGTCCTGGACGTATCC,75,0.0685727596282959,0.06995940208435059,0.07582497596740723
GTTCACGTCAGCTGGGAATAACAACCCAGAAACGTCGATGGGAGACGCCTCAGAAGTCATGCGGGCTATGAAGGA,75,0.0673527717590332,0.07308554649353027,0.09402203559875488
GCGGTTGGAAGCTTCTACGAGACCGGCTCCTCTTGACAACTTGATCGTAACCCAGGTACACGGGCCCATAGCTTT,75,0.07402181625366211,0.07605576515197754,0.08097434043884277
GTATTTTACTAGGGTTACGTTACGAACATTTTGGAGTAGCATTCCAGATGTAGAGGGCCGTATAATGAGGACGAT,75,0.06558728218078613,0.07136726379394531,0.07526421546936035
CGCTGATGTTAACCACTGGTTGTCCCGGGGCCGAGCGGTCTGACGGGTGAGAACGGGATGGCGCGATGGCCATCA,75,0.07913064956665039,0.08938050270080566,0.10676026344299316
TTCCTATTAACAAAAGGATGGGGGCCCATGAATCATTTCGACGGCGTCCCTACCGTCCCAGAACCGGAGTGGCTT,75,0.0864870548248291,0.11875009536743164,0.22356200218200684
ATAACGTCTCACAGATAAGAGTCCGACCCCGGCTTCACTAAGAACTCAGACAATGTGCTGCAACCTAATACACCA,75,0.06565451622009277,0.07616138458251953,0.08980011940002441
GAAAGTGATTTTACGGTGAACGCCTCAGAGCCGTCCCCATCCACGACACAGTCCTGACTCTTCACTGCGTGCCTT,75,0.07618165016174316,0.0765528678894043,0.07950305938720703
TATCTGTCCAAGGCGTGACAAACTGACGAAGTTCACATCATAAGTCGTTCCAACGATCCGCCCTCTTAGGTAATT,75,0.07441043853759766,0.08307123184204102,0.08915209770202637
GATCCGCAACCATTTGCTCCCTTCCCCTCGAAGGGGTAACTATAAGGGGGTAACTCCTGCTAGTGCAGAGGTTTCTATACCTTCGTTTAGTAGGGGAACA,100,0.20744037628173828,0.5453357696533203,2.339871406555176
CGTTGTTCGTGGGTGACGTACCGACAAATTTACAGCTACTGGGTTATTCCCGCGGGGGTATACTGTCAGGTGTTCTGTTTGGGGTATTGACATGTCCTTA,100,0.1601276397705078,0.21697735786437988,0.3108541965484619
GCCAGCTCTACATCCTCCCACTGTGGTCTCTCTACCTGTAAAAAAAGATGTAGGAAGCGTCTGAAATCTCAGTCCAAGTGCGTTGACGTCTCAAAAGTTA,100,0.16640520095825195,0.17206931114196777,0.17209076881408691
TTAGACAGTCAGGGATCTGTGTACTCTTGGCTATTGGCCCTTGGCGCAGAAGTCAGGAGTACTTATCGCGTATTTGCCTCAGCAATGGATCACAGTCGAA,100,0.18076419830322266,0.2646620273590088,0.7690474987030029
GTAAAGACCGGGAAAGTGACAACGCCCGACTAATGCCGTTCCGGGCCAAGTACAGTGTGACAAGTGAAACCATAATCGCACTACAACCCTACTCCGGTAA,100,0.16957426071166992,0.2726476192474365,0.6225466728210449
ACTAGTGACCTAAGACTCCCACGCGTAATCTTTCATCCGACGCGCGAGCGTGGTAGAGGGAGGTGGTTTAGCGTCAGGTTCATGGCGGTGCATCCCCAGC,100,0.1775057315826416,0.30432748794555664,2.63041090965271
TAGTCTTCGGCTGGTTTAATTGTTCATGAGAGATAACTGAAGGGTCGGTGGTCGCTTGACAAGTTTACTCGGGTATTTTCGCTAGAACTTAAACTCCGTC,100,0.2026536464691162,0.19762349128723145,0.19287562370300293
GCTTGGGGTGTAGCACAACCAAGCTGCGCATGAGGTTTCGGTAGCTTTGCCGCTCAACTGCCGGTACTATGCTCGTGAGGCTATTGTGAAGGAGGTTACG,100,0.17668795585632324,0.22635912895202637,0.38350749015808105
CCACGGTACTATAACAAAATGGGTGGCAGTCGACCGAGGATGTAGCGTATGTTGCGTAGCATGGGAATAATCATAGCACCTTACGGGTTTTCCTTCGCTC,100,0.19022631645202637,0.20456624031066895,0.21359610557556152
CCCGAGTGCAGTACACTATTGAGTTCGACGATCCCCCTCGCAAGAAAGGAGGAGGACTAGGGAGAGCATGGATAGACGACAACCCAAGAGTGAGCCGAGG,100,0.16022706031799316,0.1979999542236328,0.2590477466583252
CACGGTGTAAATTACAGACTAGAATGGTTCGTCCCGGAGGGCTAAATACTTAGTGAAGTAAACGCCCTTTACTGCTCGCTCGACAAAAACACCGATGAATGCTATAATTAGGTGTGTTTGTAAGC,125,0.411301851272583,0.7729699611663818,3.369799852371216
TCTTGATTAAGTCCCTCCCCCCCGGTGCGTCTGCGGTTACGACCCTTCACTCTGAGAGATCGTCTTAGTATGGCCTCCTCTGTCGAGTGTGACAGCCTCCAGCAGGAGCCCTTGTTTGTGCGGGC,125,0.42456746101379395,0.6478481292724609,1.745898723602295
CCCTCCATCGGTCCCGTTAATAACTGAGTGACATGGACCCCTTCGTCAACAGCCTTGTCTGATATCTCGTCCATCGATTGTTCCGGGTCTGCTCGACGGGGCGTTCAGAGGGTACGAGGGGGAAA,125,0.48273301124572754,0.7658567428588867,3.0253536701202393
TAGGAAGCGTTACTGTACAGTTGTAATTCCAGTACTGGATCGGATGGCCTAGGGAGCACGTAACGGGGTGGAATGGGACTTACGGGCGCACAAACAGTAGCCGGTGCTATGTGCCGGCTCTTTTT,125,0.3683311939239502,0.59566330909729,2.555074691772461
GCCTTTTTGAAGCTTTAACACATTGTCACAGAGTGCCACTTGCAGTCCAGAAAGGAGCTTGATTTGAACCACATTGTAAACGCGGCCTTTGCGCGTTTTAGCTATACTCAGGGCCCGTAACTCTA,125,0.4290189743041992,0.8823318481445312,3.4565300941467285
TGTTCTTACGTGGGAAAGTTGGTTTAGACGGCGTAAAGGACCGTACATTCGCTGTCATACGAGCTATATTCTAGCTCACCGTGTCCCTAAATCAGTCCACTCATAAGAAACTTGGCTGACAGTGA,125,0.4267106056213379,0.8078310489654541,7.147232532501221
GGCCCAGTAAGTTTATTAGACAGAGATTGCTGAGCTAGGCTTATTGTTAAACCCGCATTCCTCTAGCGGCCGCAGCCGCCCCAAATATATTGCGACGTAGTGCAGCGACCTGTGACGACTTTTAC,125,0.3670966625213623,0.7872164249420166,7.2787206172943115
ATATCCATCTTTGACGGTCCAGTCATGTCGTCTGAGAGCAGACGCCTTGACCGGGACGCTGAAGCAACCCACGTCACGCAGGTAATCCAACGCCCCCGCGACCAGATAAAATGGACAATCGTTCG,125,0.4200737476348877,1.5523080825805664,23.023273468017578
AGTGGTCCATTAACGGTACAAACACTATTCTCGGACCTTTAGGTATATCGAGTTGGCCCCCGTGGGGTCAGCAATCAAGTCATGTGGGCGCCAGGAATGAGGCAGGTCGCTTTACTGCGAACAAC,125,0.39969944953918457,0.6168651580810547,1.5266895294189453
TTCGTCGCTCAGGCCCGTCCCGGGATGGGCCCCCTCGGATGTTGACCAGAATTGCCATCGTGCCAGAAAAATCCATATACTAAGTTTGTATCAAGGCACGTCTGGGATTCGTTTGGACGAGATGA,125,0.4324953556060791,1.04667067527771,6.098518133163452
GTAACGCGTTCCTTAGCCGCTGTGTTTTCGGTCGCAGACCAAGTTACCGGATGTCTCGTAGGGACGATCTAAAACAACAACTGCAGGCGGGGTCGGGAACGAAAAATGCGGGGGATGCCCACACTCTCGGGGAGGTGTATGAGGTCTCCC,150,0.760239839553833,1.4490938186645508,10.846136093139648
GAAATCAGGCCACGTGGCTGCAGAAAACGGCTACCGCGTCTAGCGTAAGATGACATAAGCACACAGTGTCATGGCACGGGATTCGATACCCCACCTACTGGAATTATCGGACACCGCAAGACTGAGTGTAATAGTGCCCAATTTCGACTC,150,0.733546257019043,2.447740077972412,33.9765830039978
GAAGAAGCGAAATTCGTGCGGCTTGACCGGATCCGGTGCGCAGTTAGTCTAGCCGAAACGTAAATTTGTATTCATAGGGGTGTCAGCCCCTTGTCAAAGAGCTCGTCCCAGTTAGGGCCTTCTGCATGCACGGAGATCTTAGGGCTCTGG,150,0.9099853038787842,2.155395746231079,18.61106276512146
TCCCATTCAGAATAGGCATAATAGAGAGCCGATAGGATGTTGCATTGTAGCCGATGCTTCAGAACGGCGTCTTGGGTGACCTGTGACTCTCCGAATTGTCGAGACGACGATGTGAAGTCAGTCTTAGACCACTTATACCCCGGCGATTGA,150,0.7848196029663086,3.4565799236297607,74.8134400844574
GACTTTTAAAGTGAGCATTAATCGTAATGGCGTACAAGATATTATTGTGTATACCATTGAAGCCTAGTGTACGATAATGATATTTAGAGCGCGTGTAGAGTTAACTAACCTGTGTTGACCACAATGAATCATGGGGTATGGCTCCGACAG,150,0.8115334510803223,0.9300999641418457,1.2629098892211914
TAAGACTCCGGATGCATCTAAATTTCGGCGTGTTAGCACGAAACGCAACCACCGCGCTACATAAGTCACCCCCGGCGGCTTATTCATCCAAGCACAAGGAATTCGTGGGTTAAAAATAAACTCAGGTTATCCGACGAACTGCCTTCTTGC,150,0.7490987777709961,1.0491461753845215,2.298290491104126
AATTGTTCTGGAATTAGCCCAAGAGCCGACGGTCTGGGGGGTCGGATAGACACAGATCGAACCTCATAACTATCCTGTCGGTGGTGCCGCGAGACCACACATACCTGCTGATTCACTGGAGAGCGCTTTTTGTGACGAGGATGTATAGAA,150,0.7927813529968262,1.3923015594482422,9.302700519561768
CGGGAATGCGTAGGACAACACAGCGTATTGCTATATCCTTTTAATTTAAAGCTCTTTTCTGCTGTGCGGTTGCGTACAGTTGATTAGTATCGTCGGCGATGTTGGATCCTCTTTCAACTCATGGCAACAACTGAGACTCTTGTCGCCACA,150,0.7423081398010254,1.0920310020446777,2.9559147357940674
CTTTAGGCTTGCTGGACACTGGTGAGTGTTAAAACCGCCGGGGTACATGGTACGGCGGACGCAAAATCTCTATAGCATTCTTCCCAAGTGAATTAGAATTAGTGTGAAAACAACCATGTACAGGGAAGAAGCCATGGCCTTCCAGCTGTA,150,0.805152177810669,1.994464635848999,24.452223300933838
GTGGTTACGCACGGTCAACCCGACGAGGCTATCCCTTCAAATCAAACTTTACTACCCTATATCGTAAGCAGCCCAACTGAAATCAGCAAGACTAGCACGTTGCTTTGGAACCTAATCCGTAGATGGGCAGGAGCAGTCTCGGTCGTGTTG,150,0.7923629283905029,0.9021010398864746,1.2615079879760742
AACATAGGCGAGAACCTTATCGTGAAGCCCTTCCTGTGGGCTGCAGACTCAATAGCAATCGGGAGACAGATCTCTTAATCTGCGCTAAAATCATTTAAAATTGACTGTGCTATCGATGCTGGCTGAATGTGAAAGATCAGTAAACTTCTTTTGCTATTAGGTGGTTGAGCTTGAC,175,1.5075812339782715,2.5363237857818604,13.907511472702026
CATACGCCGGAATGGGTGTAAATAGAGGGTTCCCCAGTTCTCTTTCTCAGGAAGGCGGTCAGATTAGTGTGCAATGGGGTCGCCCCCGCGTCAGATGTTTCTTCTTAAGGATCTGTTAGCATTGGAAAATTTTGTAGGTACGACGGTATAGTAGACGACTACAAGCGAGGCGTTT,175,1.6259303092956543,2.2667484283447266,8.39352035522461
GTGTTCAAGGGATGGTCTGATCGTTCGATTACGGAACAGTGCGTAGACCCAAAAGTGATCTGCCTTCTGCCTCCTTTCCTGTCAGGCCTGCGGGCCGGATATTCTATTCCTAGTTAATTCAGAGGCGTGTCAGTCCGGTTCAGACTCGTCCCGGGTAGAAGCTAAGGGCTTATAA,175,1.2525615692138672,2.1793200969696045,12.12796425819397
TCCGTCATCCGTACACCGCGTACCACAACGTTCGACCTGACCCCAGGCCAGTTAACCGTAGGGGCACTATATAGGCCACTAAGTGCGGAGGCCAAGGACACATACTGAAAGCCCAACCACTAGTCTGTACAAGCTGACGATGCCGACAGCACTAGGGGCATCATTGATCCCATGA,175,1.3300418853759766,6.686144113540649,125.09865760803223
CACTGCTATCGTATTGACTTCACAGCGGTCGAAGGCCTATGATGGAACGGATAGATTACGGTGTGTGGTAGGTGCTTTGGTATATAAACTACGTTAAGGGGTAGCGATCCGAGAGGGGACGGAGCATTTATCAACGTGCACGCTGTGCATTTAAGTGGATGGACTTTTAGGATGG,175,1.3141565322875977,2.102696657180786,7.2609710693359375
CTAGCTCTTTGAGAGTTCACTGCCATTTTCGACAGATCCGTGCTCTTCAAGCAGCAGACGAAATTTTAGTCGCCTTTCACGTTCGTGCACTGAGGGCTAGGTCCTGATTGGCTATTCGTACATGGAGGTATACTCTCCGATCTAGTCTATCTACTAACATGTGTCGGCTTATATG,175,1.4032368659973145,1.8023066520690918,3.6215415000915527
TTGAAACATGGAGATTGCTGGGTCCCCTAAGGCTTGTATGCTTAAGTTATTCTACCACTAGCGCCTCTCACCTTCCTTGAGTATGCCGATGGTCTCACATGTGCTATCATTCTAGACGTTAAGCCTGGTTCATGGGATTATCCAGCAACCGGGTTTTCGTCCCCAGACCAGGCTT,175,1.601144552230835,2.4679181575775146,11.632224559783936
TCGCTACTACCACCCCGTAAAGTAATTTCGCAGTCTACATGGCAATATCACGGACATGAGTCACGTCTAGCTAACATGCGTTCGTTTACCCGACTCGTTCTCGATGAAGAAAATTGAGCAGGCCGCTGCTAGGGAAGACCTTTTTTTCATCACGGTGGCAGTACGTTTTGGTGTG,175,1.4376156330108643,2.814199209213257,23.022279739379883
ATTGTGCCCAGCACTTCCTCCTTCCGTCTTGTACAGCCCTCGATAAGGTTTATGTGTCTAGGAACTCCAGAGAGTCAACAAGAGGGGTCGGGTCTTAACTGCGAAAACGATTCGTTAGATTATTATAAGTTCATGCTCGCCGTCGAGTAGGGGCCCGCATTGAACCGGGGATAAA,175,1.493140459060669,2.131835460662842,5.828894138336182
TACCAGCAATCCCCATGGCATCTTCAAATCTACGAGCTTTGCCGGCTGGGTTCACGAAAGAGTAGCTGCGTCGCTAGTTATCTTCGACTTTGCAGAAGCCGATTCTTGGCAACCGTCGTTTGAAGGGATTTTGCCCTTCTACCGCAATGAATAGCTCTAGGTGGGCGAAGACTCA,175,1.581885576248169,10.149343490600586,384.47381925582886
TGCTCCACTGTAATCGATAGCTTCTGGGACAGCAGCAATGTCTAACCATGTATACAGGCAGGGCGTGAGTTTATGTTGACCCACTTCGCTCCGACCTCCGGGACCGTTTCCGCGGACTCTAGATTGTGACCGACTAAGCAAACGGCTACACCAACTGACATAGGCCGAGCGTCATTCTCAGTCATGCCCAGTGCCACGGG,200,2.4178555011749268,9.230172395706177,197.31172013282776
GAGAGGCAAGATGAACCGTACGGTTGACTCGGTCCGTTTGGGATTATGTCTCGTACCGTTATTTTACAGGGCGCTACATAGGTCACTAGAGCAATCCGAGTGTTAATTGTTTCAAACCTAGGATCCGTGGGGCCCGCCCCGAAATAACTATGGCACCCGACCTGCCGTTATTGCTGACAGTTAGTCGTAAATCTACCTCG,200,2.602304458618164,12.508458137512207,498.9125497341156
TACAGGAAAGGATTTAAAGCTGTAGTGCTTGCGATGCGCGCTCGATTAATTTGCTCCGGCGGGAACGGTTTCTGAGACCTGCTCTTCGTCTAGTACGCACACCTAACTCATTTCCCTAAAAAAAATATGTTGCATGTCAAAAGATGACCCTCGGTTATGGAGAACGTTTAAGTACTGTTATTTGGGTACAACGACGAAAT,200,2.4394288063049316,3.391836643218994,8.493326663970947
ACAGCGCACTAAAAATTACGGCGAAGTCCGTAATGCGAGTCTCCCTATCTCAATAAGCAAGGTGTTCGATCCCACGCGATCATCGGCGTACAACGGAGTTACGCTACAATAGATGGGTTTGGCTGTCCTGCTTACACCTATTCACGTGGAGGAGGGCGGGAACGATCGATGGCCCTTTGGTCTTGGCCCAACTTATCGCT,200,2.4799771308898926,9.937751293182373,339.3487331867218
TGACAAGGTAGCCGCGGCCGTACCCCAAAGATTTCAACCTGGTTGAGGCAACACTTGCTATTAAGCGAAGAACGCTTCGTGCTTTCGTCGGTATTAAGTCTGTGGGTCCCCCCCGGGCCTGGACGTCGGAGCACCCTCTAGGTTAAGTACGTCGATTACTAACACTGAATTAAGCATCTCCTTGGTTGTACCGCAAGTAA,200,2.7409229278564453,20.346599102020264,981.7194683551788
ACAGCCCCCGTACCGAAAACCAACCACCGCCACACTAAGAGGCTTTGCTATTCAGTCGTTGTCCAACTCTTGAAGAGGGTGGGTGGGCAAGTGCATGCCACGGTCACCGCACCATAATCCGATCAATAACACAGCGCCAATATGGATCCTCCCTAGATCTAGTATTGGCCGGGCTCCAGTTGTCCACAGCACAGCTGGGA,200,2.647688150405884,21.356405019760132,951.4637951850891
CTAGCTTTTCGCTTAAGCCTGTACTGTGCCATGCACAGAGATCTTGACGTATGGTTATCTCCAATTAACCCTCCCACTGCTTAAGAAGTATTATACCCCAGTAGCAACATACTGCGCGACATACAAGGTAAGCATTCGCTACTATGAGTCTTGAAGAGGTGAGTACGTGCATCTATGATCTGCCTGATGTTCGGGCTAAA,200,2.6985678672790527,4.412039041519165,16.343245029449463
TACTTATATCAATAGTATTAGACTGGGTAGAACCCGCTCTGTAACTACTAAGGCCTCATCAATTATAGTACTAATGCGACCTCGAGGCCGCAAATCAAGACGATCTGCATTGACAGCGATTGCTTGGCAGCGTGAAATGTAATCGTTAACTTCTACCCTCTACAGCTAGCGGGCCCGCCATAGACGAGCGTACTAGGCTC,200,2.5814290046691895,6.688898086547852,115.47853207588196
TAAGGTCCAAAGTGGGCATACGTCCAGCACAGTCTTTCTCCTTGGCTTCCACGCCCGATTCTTCCAGGGGATCAAATACCCTATTTTTATAAGATCGAATGATAACCATTGGATTACCAGTTGCAAGTGTCTCACAGTAGCGCTAGCGTTCCCGTAACGCCCTAGGGGTTCTAGAATTGGAACATGCACCCTTTTTTGAG,200,2.4834651947021484,6.501722574234009,52.51524209976196
TTCGTTCTGTAGAGTGTCTGGGACGTGCTAGACAGAATGTGGTTTCTCACCCCTTCGCGAACCAGGAAGGGATGCATGTAGCGCAGCCTTCGTTGCATCATTGATCGGGATTCCGCTTCCCCGAGGGGAGTCATCCCCCTTCAGGTACCAATTGTCCGACCAAGCGTTCGCCGGGCGTGTTAACGAATCCCGAATACGTA,200,2.470827341079712,41.12978672981262,2674.9386732578278
